ID,Time,Steam_flow
1,2021-12-22 23:30:00,57.79811761734759
2,2021-12-22 23:30:01,57.70797094589377
3,2021-12-22 23:30:02,57.79188869306865
4,2021-12-22 23:30:03,57.8626366936218
5,2021-12-22 23:30:04,57.85640776934286
6,2021-12-22 23:30:05,57.8626366936218
7,2021-12-22 23:30:06,57.85640776934286
8,2021-12-22 23:30:07,57.8626366936218
9,2021-12-22 23:30:08,57.77249002216798
10,2021-12-22 23:30:09,57.68684734569914
11,2021-12-22 23:30:10,57.693076269978086
12,2021-12-22 23:30:11,57.693076269978086
13,2021-12-22 23:30:12,57.776994017152965
14,2021-12-22 23:30:13,57.776994017152965
15,2021-12-22 23:30:14,57.776994017152965
16,2021-12-22 23:30:15,57.776994017152965
17,2021-12-22 23:30:16,57.776994017152965
18,2021-12-22 23:30:17,57.776994017152965
19,2021-12-22 23:30:18,57.693076269978086
20,2021-12-22 23:30:19,57.693076269978086
21,2021-12-22 23:30:20,57.693076269978086
22,2021-12-22 23:30:21,57.693076269978086
23,2021-12-22 23:30:22,57.68684734569914
24,2021-12-22 23:30:23,57.68684734569914
25,2021-12-22 23:30:24,57.68684734569914
26,2021-12-22 23:30:25,57.78322294143191
27,2021-12-22 23:30:26,57.78322294143191
28,2021-12-22 23:30:27,57.7119415646024
29,2021-12-22 23:30:28,57.67368561345226
30,2021-12-22 23:30:29,57.67368561345226
31,2021-12-22 23:30:30,57.67368561345226
32,2021-12-22 23:30:31,57.670671620069015
33,2021-12-22 23:30:32,57.64197456913301
34,2021-12-22 23:30:33,57.683782590317
35,2021-12-22 23:30:34,57.69847878660182
36,2021-12-22 23:30:35,57.714278531492255
37,2021-12-22 23:30:36,57.7492045067072
38,2021-12-22 23:30:37,57.7459895758115
39,2021-12-22 23:30:38,57.7459895758115
40,2021-12-22 23:30:39,57.73018983092106
41,2021-12-22 23:30:40,57.70820604799586
42,2021-12-22 23:30:41,57.70820604799586
43,2021-12-22 23:30:42,57.70820604799586
44,2021-12-22 23:30:43,57.684646293130534
45,2021-12-22 23:30:44,57.66995009684572
46,2021-12-22 23:30:45,57.70820604799586
47,2021-12-22 23:30:46,57.70820604799586
48,2021-12-22 23:30:47,57.722902244280675
49,2021-12-22 23:30:48,57.722902244280675
50,2021-12-22 23:30:49,57.70820604799586
51,2021-12-22 23:30:50,57.72550499037146
52,2021-12-22 23:30:51,57.70820604799586
53,2021-12-22 23:30:52,57.70820604799586
54,2021-12-22 23:30:53,57.66995009684572
55,2021-12-22 23:30:54,57.684646293130534
56,2021-12-22 23:30:55,57.66995009684572
57,2021-12-22 23:30:56,57.71870856553195
58,2021-12-22 23:30:57,57.733404761816765
59,2021-12-22 23:30:58,57.69847878660182
60,2021-12-22 23:30:59,57.69847878660182
61,2021-12-22 23:31:00,57.69847878660182
62,2021-12-22 23:31:01,57.683782590317
63,2021-12-22 23:31:02,57.69847878660182
64,2021-12-22 23:31:03,57.69847878660182
65,2021-12-22 23:31:04,57.69847878660182
66,2021-12-22 23:31:05,57.733404761816765
67,2021-12-22 23:31:06,57.684646293130534
68,2021-12-22 23:31:07,57.684646293130534
69,2021-12-22 23:31:08,57.684646293130534
70,2021-12-22 23:31:09,57.733404761816765
71,2021-12-22 23:31:10,57.66995009684572
72,2021-12-22 23:31:11,57.66995009684572
73,2021-12-22 23:31:12,57.66995009684572
74,2021-12-22 23:31:13,57.66995009684572
75,2021-12-22 23:31:14,57.66995009684572
76,2021-12-22 23:31:15,57.66995009684572
77,2021-12-22 23:31:16,57.66995009684572
78,2021-12-22 23:31:17,57.71870856553195
79,2021-12-22 23:31:18,57.733404761816765
80,2021-12-22 23:31:19,57.683782590317
81,2021-12-22 23:31:20,57.69847878660182
82,2021-12-22 23:31:21,57.683782590317
83,2021-12-22 23:31:22,57.683782590317
84,2021-12-22 23:31:23,57.683782590317
85,2021-12-22 23:31:24,57.69649438656538
86,2021-12-22 23:31:25,57.683782590317
87,2021-12-22 23:31:26,57.683782590317
88,2021-12-22 23:31:27,57.683782590317
89,2021-12-22 23:31:28,57.74215791747265
90,2021-12-22 23:31:29,57.68067506251754
91,2021-12-22 23:31:30,57.690325449569976
92,2021-12-22 23:31:31,57.69665718216733
93,2021-12-22 23:31:32,57.69665718216733
94,2021-12-22 23:31:33,57.69665718216733
95,2021-12-22 23:31:34,57.69665718216733
96,2021-12-22 23:31:35,57.69665718216733
97,2021-12-22 23:31:36,57.69665718216733
98,2021-12-22 23:31:37,57.57649200237427
99,2021-12-22 23:31:38,57.57649200237427
100,2021-12-22 23:31:39,57.56054293325709
101,2021-12-22 23:31:40,57.534597041830615
102,2021-12-22 23:31:41,57.44299109207248
103,2021-12-22 23:31:42,57.44299109207248
104,2021-12-22 23:31:43,57.44299109207248
105,2021-12-22 23:31:44,57.43676216779354
106,2021-12-22 23:31:45,57.59299932106239
107,2021-12-22 23:31:46,57.69412097200972
108,2021-12-22 23:31:47,57.71854442968858
109,2021-12-22 23:31:48,57.78454612777553
110,2021-12-22 23:31:49,57.86302324062238
111,2021-12-22 23:31:50,57.886379166106884
112,2021-12-22 23:31:51,57.886379166106884
113,2021-12-22 23:31:52,57.89635656311837
114,2021-12-22 23:31:53,57.87124907337607
115,2021-12-22 23:31:54,57.78854062624398
116,2021-12-22 23:31:55,57.898847595894935
117,2021-12-22 23:31:56,57.84486516144103
118,2021-12-22 23:31:57,57.84486516144103
119,2021-12-22 23:31:58,57.84486516144103
120,2021-12-22 23:31:59,57.80305714025704
121,2021-12-22 23:32:00,57.827566219065424
122,2021-12-22 23:32:01,57.69021733348679
123,2021-12-22 23:32:02,57.69021733348679
124,2021-12-22 23:32:03,57.655291358271846
125,2021-12-22 23:32:04,57.649123324792214
126,2021-12-22 23:32:05,57.649123324792214
127,2021-12-22 23:32:06,57.649123324792214
128,2021-12-22 23:32:07,57.58548631396226
129,2021-12-22 23:32:08,57.56315647699565
130,2021-12-22 23:32:09,57.56315647699565
131,2021-12-22 23:32:10,57.56315647699565
132,2021-12-22 23:32:11,57.62679348782561
133,2021-12-22 23:32:12,57.62679348782561
134,2021-12-22 23:32:13,57.56315647699565
135,2021-12-22 23:32:14,57.56315647699565
136,2021-12-22 23:32:15,57.527166142240965
137,2021-12-22 23:32:16,57.420726917546254
138,2021-12-22 23:32:17,57.39490410048625
139,2021-12-22 23:32:18,57.39490410048625
140,2021-12-22 23:32:19,57.420726917546254
141,2021-12-22 23:32:20,57.420726917546254
142,2021-12-22 23:32:21,57.33121890118508
143,2021-12-22 23:32:22,57.276461941414944
144,2021-12-22 23:32:23,57.289954013412775
145,2021-12-22 23:32:24,57.289954013412775
146,2021-12-22 23:32:25,57.2295089058338
147,2021-12-22 23:32:26,57.289954013412775
148,2021-12-22 23:32:27,57.289954013412775
149,2021-12-22 23:32:28,57.298650978635216
150,2021-12-22 23:32:29,57.298650978635216
151,2021-12-22 23:32:30,57.298650978635216
152,2021-12-22 23:32:31,57.298650978635216
153,2021-12-22 23:32:32,57.286300015507706
154,2021-12-22 23:32:33,57.285158906637385
155,2021-12-22 23:32:34,57.285158906637385
156,2021-12-22 23:32:35,57.285158906637385
157,2021-12-22 23:32:36,57.22471379905841
158,2021-12-22 23:32:37,57.22471379905841
159,2021-12-22 23:32:38,57.204615086889056
160,2021-12-22 23:32:39,57.204615086889056
161,2021-12-22 23:32:40,57.17498467438099
162,2021-12-22 23:32:41,57.13566743422398
163,2021-12-22 23:32:42,57.10816691287621
164,2021-12-22 23:32:43,57.12051787600372
165,2021-12-22 23:32:44,57.18847674637882
166,2021-12-22 23:32:45,57.23820587105624
167,2021-12-22 23:32:46,57.298650978635216
168,2021-12-22 23:32:47,57.298650978635216
169,2021-12-22 23:32:48,57.48504781944265
170,2021-12-22 23:32:49,57.50889798755374
171,2021-12-22 23:32:50,57.572534998383695
172,2021-12-22 23:32:51,57.601013183945824
173,2021-12-22 23:32:52,57.601013183945824
174,2021-12-22 23:32:53,57.63593915916077
175,2021-12-22 23:32:54,57.66122346739174
176,2021-12-22 23:32:55,57.66122346739174
177,2021-12-22 23:32:56,57.68966762640563
178,2021-12-22 23:32:57,57.68966762640563
179,2021-12-22 23:32:58,57.675493257072155
180,2021-12-22 23:32:59,57.675493257072155
181,2021-12-22 23:33:00,57.675493257072155
182,2021-12-22 23:33:01,57.68966762640563
183,2021-12-22 23:33:02,57.66122346739174
184,2021-12-22 23:33:03,57.63593915916077
185,2021-12-22 23:33:04,57.601013183945824
186,2021-12-22 23:33:05,57.572534998383695
187,2021-12-22 23:33:06,57.572534998383695
188,2021-12-22 23:33:07,57.5146082664716
189,2021-12-22 23:33:08,57.55686481364445
190,2021-12-22 23:33:09,57.493227802814495
191,2021-12-22 23:33:10,57.493227802814495
192,2021-12-22 23:33:11,57.578245277301555
193,2021-12-22 23:33:12,57.66122346739174
194,2021-12-22 23:33:13,57.788603122590175
195,2021-12-22 23:33:14,57.913876183806806
196,2021-12-22 23:33:15,58.070865079144326
197,2021-12-22 23:33:16,58.02675550588438
198,2021-12-22 23:33:17,58.153412844926166
199,2021-12-22 23:33:18,58.07185816758747
200,2021-12-22 23:33:19,58.03862605461834
201,2021-12-22 23:33:20,58.03862605461834
202,2021-12-22 23:33:21,57.84336194899471
203,2021-12-22 23:33:22,57.797676186543605
204,2021-12-22 23:33:23,57.684566321025585
205,2021-12-22 23:33:24,57.66122346739174
206,2021-12-22 23:33:25,57.606723462863684
207,2021-12-22 23:33:26,57.64164943807863
208,2021-12-22 23:33:27,57.675493257072155
209,2021-12-22 23:33:28,57.729250600942585
210,2021-12-22 23:33:29,57.85452366215922
211,2021-12-22 23:33:30,58.01151255749674
212,2021-12-22 23:33:31,57.99109657963629
213,2021-12-22 23:33:32,58.094060323278576
214,2021-12-22 23:33:33,58.06718763236535
215,2021-12-22 23:33:34,58.06718763236535
216,2021-12-22 23:33:35,58.153412844926166
217,2021-12-22 23:33:36,58.05044910128388
218,2021-12-22 23:33:37,58.02675550588438
219,2021-12-22 23:33:38,58.023780504949194
220,2021-12-22 23:33:39,57.97927353297075
221,2021-12-22 23:33:40,57.925468096067036
222,2021-12-22 23:33:41,57.925468096067036
223,2021-12-22 23:33:42,57.80911691708942
224,2021-12-22 23:33:43,57.738323664896015
225,2021-12-22 23:33:44,57.66122346739174
226,2021-12-22 23:33:45,57.50889798755374
227,2021-12-22 23:33:46,57.298650978635216
228,2021-12-22 23:33:47,57.21810715888689
229,2021-12-22 23:33:48,57.14990155387505
230,2021-12-22 23:33:49,57.12051787600372
231,2021-12-22 23:33:50,57.14990155387505
232,2021-12-22 23:33:51,57.18847674637882
233,2021-12-22 23:33:52,57.21810715888689
234,2021-12-22 23:33:53,57.23820587105624
235,2021-12-22 23:33:54,57.23820587105624
236,2021-12-22 23:33:55,57.23820587105624
237,2021-12-22 23:33:56,57.298650978635216
238,2021-12-22 23:33:57,57.298650978635216
239,2021-12-22 23:33:58,57.298650978635216
240,2021-12-22 23:33:59,57.298650978635216
241,2021-12-22 23:34:00,57.298650978635216
242,2021-12-22 23:34:01,57.63593915916077
243,2021-12-22 23:34:02,57.684566321025585
244,2021-12-22 23:34:03,57.684566321025585
245,2021-12-22 23:34:04,57.797676186543605
246,2021-12-22 23:34:05,57.984820617714625
247,2021-12-22 23:34:06,58.02058562145017
248,2021-12-22 23:34:07,58.01151255749674
249,2021-12-22 23:34:08,57.76560745422459
250,2021-12-22 23:34:09,57.68966762640563
251,2021-12-22 23:34:10,57.572534998383695
252,2021-12-22 23:34:11,57.298650978635216
253,2021-12-22 23:34:12,57.23820587105624
254,2021-12-22 23:34:13,57.23820587105624
255,2021-12-22 23:34:14,57.298650978635216
256,2021-12-22 23:34:15,57.35541923834785
257,2021-12-22 23:34:16,57.52166133448558
258,2021-12-22 23:34:17,57.64870250609261
259,2021-12-22 23:34:18,57.697329667957426
260,2021-12-22 23:34:19,57.77969414489815
261,2021-12-22 23:34:20,57.79677277427896
262,2021-12-22 23:34:21,57.93823144299888
263,2021-12-22 23:34:22,57.93823144299888
264,2021-12-22 23:34:23,57.87636007304449
265,2021-12-22 23:34:24,57.82188026402126
266,2021-12-22 23:34:25,57.79677277427896
267,2021-12-22 23:34:26,57.751087011827856
268,2021-12-22 23:34:27,57.738323664896015
269,2021-12-22 23:34:28,57.72270496934104
270,2021-12-22 23:34:29,57.697329667957426
271,2021-12-22 23:34:30,57.62611478710418
272,2021-12-22 23:34:31,57.61359382580505
273,2021-12-22 23:34:32,57.5786678505901
274,2021-12-22 23:34:33,57.486552654198015
275,2021-12-22 23:34:34,57.36818258527969
276,2021-12-22 23:34:35,57.36818258527969
277,2021-12-22 23:34:36,57.333990181463435
278,2021-12-22 23:34:37,57.333990181463435
279,2021-12-22 23:34:38,57.338582641372646
280,2021-12-22 23:34:39,57.55569840140849
281,2021-12-22 23:34:40,57.667994574426075
282,2021-12-22 23:34:41,57.71665061291646
283,2021-12-22 23:34:42,57.787443865109864
284,2021-12-22 23:34:43,58.00110994385602
285,2021-12-22 23:34:44,57.98923939512206
286,2021-12-22 23:34:45,58.03434205682515
287,2021-12-22 23:34:46,58.111270131647444
288,2021-12-22 23:34:47,58.20994381676053
289,2021-12-22 23:34:48,58.2853281285985
290,2021-12-22 23:34:49,58.28482058928755
291,2021-12-22 23:34:50,58.0700535111757
292,2021-12-22 23:34:51,58.07122242410439
293,2021-12-22 23:34:52,57.84323928103102
294,2021-12-22 23:34:53,57.7726980244827
295,2021-12-22 23:34:54,57.606784161698194
296,2021-12-22 23:34:55,57.53110722330733
297,2021-12-22 23:34:56,57.59996805933765
298,2021-12-22 23:34:57,57.68381142866806
299,2021-12-22 23:34:58,57.728706810838354
300,2021-12-22 23:34:59,57.79240411316109
301,2021-12-22 23:35:00,57.8094827425419
302,2021-12-22 23:35:01,57.8345902322842
303,2021-12-22 23:35:02,57.918157703442645
304,2021-12-22 23:35:03,58.008643415166524
305,2021-12-22 23:35:04,58.008643415166524
306,2021-12-22 23:35:05,57.83308316465003
307,2021-12-22 23:35:06,57.83895930647299
308,2021-12-22 23:35:07,57.72353886567017
309,2021-12-22 23:35:08,57.67703976239423
310,2021-12-22 23:35:09,57.54981998202699
311,2021-12-22 23:35:10,57.51489400681204
312,2021-12-22 23:35:11,57.31544731712776
313,2021-12-22 23:35:12,57.212342329236925
314,2021-12-22 23:35:13,57.190292375971524
315,2021-12-22 23:35:14,57.24872198198507
316,2021-12-22 23:35:15,57.19429652282994
317,2021-12-22 23:35:16,57.19429652282994
318,2021-12-22 23:35:17,57.11880773122661
319,2021-12-22 23:35:18,57.11880773122661
320,2021-12-22 23:35:19,57.088227760296355
321,2021-12-22 23:35:20,57.04010355639464
322,2021-12-22 23:35:21,57.04010355639464
323,2021-12-22 23:35:22,57.01158699488482
324,2021-12-22 23:35:23,56.97772285528184
325,2021-12-22 23:35:24,56.97772285528184
326,2021-12-22 23:35:25,56.97772285528184
327,2021-12-22 23:35:26,57.01629804778561
328,2021-12-22 23:35:27,57.01629804778561
329,2021-12-22 23:35:28,56.97772285528184
330,2021-12-22 23:35:29,56.97772285528184
331,2021-12-22 23:35:30,56.97772285528184
332,2021-12-22 23:35:31,57.064422251687326
333,2021-12-22 23:35:32,57.2093244978246
334,2021-12-22 23:35:33,57.42436346924319
335,2021-12-22 23:35:34,57.568672587288646
336,2021-12-22 23:35:35,57.83179340427154
337,2021-12-22 23:35:36,57.93190798236158
338,2021-12-22 23:35:37,57.93190798236158
339,2021-12-22 23:35:38,57.88577583872544
340,2021-12-22 23:35:39,57.844813319874994
341,2021-12-22 23:35:40,57.64709778749643
342,2021-12-22 23:35:41,57.421593323448654
343,2021-12-22 23:35:42,57.21432478925528
344,2021-12-22 23:35:43,57.08441053849682
345,2021-12-22 23:35:44,56.99771114209133
346,2021-12-22 23:35:45,56.89438810029112
347,2021-12-22 23:35:46,56.712958280052476
348,2021-12-22 23:35:47,56.674781651755325
349,2021-12-22 23:35:48,56.540897261022224
350,2021-12-22 23:35:49,56.76436624619534
351,2021-12-22 23:35:50,56.85683417980309
352,2021-12-22 23:35:51,56.94014026960692
353,2021-12-22 23:35:52,57.204266158261326
354,2021-12-22 23:35:53,57.421593323448654
355,2021-12-22 23:35:54,57.57301515513312
356,2021-12-22 23:35:55,57.64341262883677
357,2021-12-22 23:35:56,57.631839500775776
358,2021-12-22 23:35:57,57.845724500822406
359,2021-12-22 23:35:58,57.6839372967042
360,2021-12-22 23:35:59,57.525406957385385
361,2021-12-22 23:36:00,57.33866817920462
362,2021-12-22 23:36:01,57.152508301273954
363,2021-12-22 23:36:02,57.059105534734385
364,2021-12-22 23:36:03,57.00830112573549
365,2021-12-22 23:36:04,56.82798704912079
366,2021-12-22 23:36:05,56.82798704912079
367,2021-12-22 23:36:06,56.98150033894629
368,2021-12-22 23:36:07,56.99086782224972
369,2021-12-22 23:36:08,56.917924369907006
370,2021-12-22 23:36:09,57.03604984985939
371,2021-12-22 23:36:10,57.00983022893353
372,2021-12-22 23:36:11,57.11935593966322
373,2021-12-22 23:36:12,57.08819369683753
374,2021-12-22 23:36:13,57.12215373962182
375,2021-12-22 23:36:14,57.12215373962182
376,2021-12-22 23:36:15,57.09217831634074
377,2021-12-22 23:36:16,57.042753148616285
378,2021-12-22 23:36:17,56.94312427452069
379,2021-12-22 23:36:18,56.879614234515294
380,2021-12-22 23:36:19,56.72704559424226
381,2021-12-22 23:36:20,56.717678110938834
382,2021-12-22 23:36:21,56.55801481032334
383,2021-12-22 23:36:22,56.48585995408756
384,2021-12-22 23:36:23,56.41033505389437
385,2021-12-22 23:36:24,56.26055442119108
386,2021-12-22 23:36:25,56.095054274481946
387,2021-12-22 23:36:26,56.02732091577775
388,2021-12-22 23:36:27,55.97292381110789
389,2021-12-22 23:36:28,56.02732091577775
390,2021-12-22 23:36:29,56.18084255130162
391,2021-12-22 23:36:30,56.51713084933159
392,2021-12-22 23:36:31,56.664810605760564
393,2021-12-22 23:36:32,56.811459218777536
394,2021-12-22 23:36:33,56.931047300999026
395,2021-12-22 23:36:34,57.055611022596246
396,2021-12-22 23:36:35,57.060798492405844
397,2021-12-22 23:36:36,57.166628093335184
398,2021-12-22 23:36:37,57.48332465806055
399,2021-12-22 23:36:38,57.69245756879281
400,2021-12-22 23:36:39,57.73759638249897
401,2021-12-22 23:36:40,57.89701853586352
402,2021-12-22 23:36:41,57.95100097031743
403,2021-12-22 23:36:42,58.086288752541975
404,2021-12-22 23:36:43,58.119857191987045
405,2021-12-22 23:36:44,58.1622957543267
406,2021-12-22 23:36:45,57.95601546906748
407,2021-12-22 23:36:46,57.95601546906748
408,2021-12-22 23:36:47,57.97168495383235
409,2021-12-22 23:36:48,57.862312924454756
410,2021-12-22 23:36:49,57.71753901823081
411,2021-12-22 23:36:50,57.39769810982713
412,2021-12-22 23:36:51,57.21950379312999
413,2021-12-22 23:36:52,57.07527889284851
414,2021-12-22 23:36:53,57.05010313622942
415,2021-12-22 23:36:54,57.03083957931721
416,2021-12-22 23:36:55,57.00590473181558
417,2021-12-22 23:36:56,57.127781405672785
418,2021-12-22 23:36:57,56.97968050243932
419,2021-12-22 23:36:58,57.10919449997851
420,2021-12-22 23:36:59,56.95422824102757
421,2021-12-22 23:37:00,57.01773828103297
422,2021-12-22 23:37:01,57.13448470442968
423,2021-12-22 23:37:02,57.27315655428458
424,2021-12-22 23:37:03,57.65917414065822
425,2021-12-22 23:37:04,57.7160056496781
426,2021-12-22 23:37:05,57.84773124939995
427,2021-12-22 23:37:06,57.945079064506146
428,2021-12-22 23:37:07,57.9875176268458
429,2021-12-22 23:37:08,57.97418190815836
430,2021-12-22 23:37:09,57.92849614570725
431,2021-12-22 23:37:10,57.65411917118875
432,2021-12-22 23:37:11,57.33455069916998
433,2021-12-22 23:37:12,57.11020366181065
434,2021-12-22 23:37:13,56.816077920150846
435,2021-12-22 23:37:14,56.799809393713495
436,2021-12-22 23:37:15,56.59822658989393
437,2021-12-22 23:37:16,56.45199075466148
438,2021-12-22 23:37:17,56.45199075466148
439,2021-12-22 23:37:18,56.677691571229175
440,2021-12-22 23:37:19,56.84383227578589
441,2021-12-22 23:37:20,56.89964905745537
442,2021-12-22 23:37:21,56.994917763282515
443,2021-12-22 23:37:22,57.10333828799776
444,2021-12-22 23:37:23,57.11099017499172
445,2021-12-22 23:37:24,57.07606540602958
446,2021-12-22 23:37:25,57.03402126105512
447,2021-12-22 23:37:26,57.12326794318557
448,2021-12-22 23:37:27,57.12326794318557
449,2021-12-22 23:37:28,57.35550940328973
450,2021-12-22 23:37:29,57.4102876659864
451,2021-12-22 23:37:30,57.4268705847853
452,2021-12-22 23:37:31,57.432622878789275
453,2021-12-22 23:37:32,57.336342862611154
454,2021-12-22 23:37:33,57.311668149616665
455,2021-12-22 23:37:34,57.49623722305711
456,2021-12-22 23:37:35,57.49623722305711
457,2021-12-22 23:37:36,57.531163198272054
458,2021-12-22 23:37:37,57.614926139221446
459,2021-12-22 23:37:38,57.80570416091187
460,2021-12-22 23:37:39,57.7392601751479
461,2021-12-22 23:37:40,57.5330316391383
462,2021-12-22 23:37:41,57.5330316391383
463,2021-12-22 23:37:42,57.65658190156896
464,2021-12-22 23:37:43,57.70433419993295
465,2021-12-22 23:37:44,57.60556675199013
466,2021-12-22 23:37:45,57.64266447185478
467,2021-12-22 23:37:46,57.68932969293952
468,2021-12-22 23:37:47,57.676281386437424
469,2021-12-22 23:37:48,57.676281386437424
470,2021-12-22 23:37:49,57.60556675199013
471,2021-12-22 23:37:50,57.59268519099721
472,2021-12-22 23:37:51,57.57992184406537
473,2021-12-22 23:37:52,57.57992184406537
474,2021-12-22 23:37:53,57.59268519099721
475,2021-12-22 23:37:54,57.59268519099721
476,2021-12-22 23:37:55,57.54499586885042
477,2021-12-22 23:37:56,57.45414932388321
478,2021-12-22 23:37:57,57.40327565998509
479,2021-12-22 23:37:58,57.338860229504796
480,2021-12-22 23:37:59,57.34289562724967
481,2021-12-22 23:38:00,57.319006735770266
482,2021-12-22 23:38:01,57.289940377824145
483,2021-12-22 23:38:02,57.26168688629916
484,2021-12-22 23:38:03,57.309793871558675
485,2021-12-22 23:38:04,57.30813353731987
486,2021-12-22 23:38:05,57.2857541582833
487,2021-12-22 23:38:06,57.31434107897736
488,2021-12-22 23:38:07,57.349391169113254
489,2021-12-22 23:38:08,57.377978089807314
490,2021-12-22 23:38:09,57.29508523081777
491,2021-12-22 23:38:10,57.307065166884676
492,2021-12-22 23:38:11,57.4543530488006
493,2021-12-22 23:38:12,57.45787582017089
494,2021-12-22 23:38:13,57.45787582017089
495,2021-12-22 23:38:14,57.44455818606002
496,2021-12-22 23:38:15,57.44455818606002
497,2021-12-22 23:38:16,57.44455818606002
498,2021-12-22 23:38:17,57.460374172478936
499,2021-12-22 23:38:18,57.47016903521951
500,2021-12-22 23:38:19,57.54930971575504
501,2021-12-22 23:38:20,57.71559809389027
502,2021-12-22 23:38:21,57.617722406546875
503,2021-12-22 23:38:22,57.63612537616799
504,2021-12-22 23:38:23,57.567016667069815
505,2021-12-22 23:38:24,57.567016667069815
506,2021-12-22 23:38:25,57.60194264228476
507,2021-12-22 23:38:26,57.65192192314233
508,2021-12-22 23:38:27,57.65192192314233
509,2021-12-22 23:38:28,57.65192192314233
510,2021-12-22 23:38:29,57.74023284967269
511,2021-12-22 23:38:30,57.74023284967269
512,2021-12-22 23:38:31,57.68036608215622
513,2021-12-22 23:38:32,57.68036608215622
514,2021-12-22 23:38:33,57.68036608215622
515,2021-12-22 23:38:34,57.68036608215622
516,2021-12-22 23:38:35,57.74023284967269
517,2021-12-22 23:38:36,57.74023284967269
518,2021-12-22 23:38:37,57.75284480412446
519,2021-12-22 23:38:38,57.79897694776059
520,2021-12-22 23:38:39,57.79897694776059
521,2021-12-22 23:38:40,57.79897694776059
522,2021-12-22 23:38:41,57.8446627102117
523,2021-12-22 23:38:42,57.869770199954
524,2021-12-22 23:38:43,57.869770199954
525,2021-12-22 23:38:44,57.924250008977225
526,2021-12-22 23:38:45,57.93660606956876
527,2021-12-22 23:38:46,57.99847743952315
528,2021-12-22 23:38:47,58.061355940380295
529,2021-12-22 23:38:48,58.09359496490628
530,2021-12-22 23:38:49,58.09359496490628
531,2021-12-22 23:38:50,58.09359496490628
532,2021-12-22 23:38:51,58.09359496490628
533,2021-12-22 23:38:52,57.986121378931614
534,2021-12-22 23:38:53,57.93232929676133
535,2021-12-22 23:38:54,57.839940141422424
536,2021-12-22 23:38:55,57.79380799778629
537,2021-12-22 23:38:56,57.73982556333238
538,2021-12-22 23:38:57,57.63915857621049
539,2021-12-22 23:38:58,57.58917929535292
540,2021-12-22 23:38:59,57.554253320137974
541,2021-12-22 23:39:00,57.518544346809584
542,2021-12-22 23:39:01,57.45490733597963
543,2021-12-22 23:39:02,57.45490733597963
544,2021-12-22 23:39:03,57.47130794525316
545,2021-12-22 23:39:04,57.34919311846403
546,2021-12-22 23:39:05,57.45563234315874
547,2021-12-22 23:39:06,57.57078148572196
548,2021-12-22 23:39:07,57.68232649531102
549,2021-12-22 23:39:08,57.86602172722146
550,2021-12-22 23:39:09,58.00748039594137
551,2021-12-22 23:39:10,58.20803626944816
552,2021-12-22 23:39:11,58.25094859528506
553,2021-12-22 23:39:12,58.333462764211575
554,2021-12-22 23:39:13,58.230052414984875
555,2021-12-22 23:39:14,58.1866772524384
556,2021-12-22 23:39:15,57.986121378931614
557,2021-12-22 23:39:16,57.88253354688584
558,2021-12-22 23:39:17,57.811740294692434
559,2021-12-22 23:39:18,57.84034742776273
560,2021-12-22 23:39:19,57.74023284967269
561,2021-12-22 23:39:20,57.68036608215622
562,2021-12-22 23:39:21,57.65192192314233
563,2021-12-22 23:39:22,57.62813811429887
564,2021-12-22 23:39:23,57.58044879215208
565,2021-12-22 23:39:24,57.58044879215208
566,2021-12-22 23:39:25,57.58044879215208
567,2021-12-22 23:39:26,57.57078148572196
568,2021-12-22 23:39:27,57.57078148572196
569,2021-12-22 23:39:28,57.532007869875585
570,2021-12-22 23:39:29,57.46175728345064
571,2021-12-22 23:39:30,57.45196242071006
572,2021-12-22 23:39:31,57.45196242071006
573,2021-12-22 23:39:32,57.45196242071006
574,2021-12-22 23:39:33,57.46175728345064
575,2021-12-22 23:39:34,57.46175728345064
576,2021-12-22 23:39:35,57.56182959961653
577,2021-12-22 23:39:36,57.529064216729275
578,2021-12-22 23:39:37,57.529064216729275
579,2021-12-22 23:39:38,57.57078148572196
580,2021-12-22 23:39:39,57.58044879215208
581,2021-12-22 23:39:40,57.61537476736703
582,2021-12-22 23:39:41,57.58917929535292
583,2021-12-22 23:39:42,57.63915857621049
584,2021-12-22 23:39:43,57.66760273522438
585,2021-12-22 23:39:44,57.66760273522438
586,2021-12-22 23:39:45,57.73982556333238
587,2021-12-22 23:39:46,57.75594341342844
588,2021-12-22 23:39:47,57.81133300835213
589,2021-12-22 23:39:48,57.813083621722434
590,2021-12-22 23:39:49,57.8752367295598
591,2021-12-22 23:39:50,57.8752367295598
592,2021-12-22 23:39:51,57.8752367295598
593,2021-12-22 23:39:52,57.88387687391584
594,2021-12-22 23:39:53,57.88387687391584
595,2021-12-22 23:39:54,57.938356682939066
596,2021-12-22 23:39:55,57.938356682939066
597,2021-12-22 23:39:56,58.000228052893455
598,2021-12-22 23:39:57,58.000228052893455
599,2021-12-22 23:39:58,58.0631065537506
600,2021-12-22 23:39:59,58.0631065537506
601,2021-12-22 23:40:00,58.0631065537506
602,2021-12-22 23:40:01,58.095345578276586
603,2021-12-22 23:40:02,58.1880205794684
604,2021-12-22 23:40:03,58.22681593310436
605,2021-12-22 23:40:04,58.24822499940795
606,2021-12-22 23:40:05,58.24822499940795
607,2021-12-22 23:40:06,58.22681593310436
608,2021-12-22 23:40:07,58.1880205794684
609,2021-12-22 23:40:08,58.000228052893455
610,2021-12-22 23:40:09,57.85876938417354
611,2021-12-22 23:40:10,58.028448319664975
612,2021-12-22 23:40:11,57.9154254728638
613,2021-12-22 23:40:12,57.80975398860797
614,2021-12-22 23:40:13,57.740989943041555
615,2021-12-22 23:40:14,57.64901233224069
616,2021-12-22 23:40:15,57.44557254719033
617,2021-12-22 23:40:16,57.29469256682835
618,2021-12-22 23:40:17,57.28252437942842
619,2021-12-22 23:40:18,57.21360608774278
620,2021-12-22 23:40:19,57.230756411146466
621,2021-12-22 23:40:20,57.230756411146466
622,2021-12-22 23:40:21,57.22575611971579
623,2021-12-22 23:40:22,57.22575611971579
624,2021-12-22 23:40:23,57.13922511588072
625,2021-12-22 23:40:24,57.22575611971579
626,2021-12-22 23:40:25,57.41215296052322
627,2021-12-22 23:40:26,57.5934139160632
628,2021-12-22 23:40:27,57.71821205145329
629,2021-12-22 23:40:28,57.96247122806929
630,2021-12-22 23:40:29,58.130243375968966
631,2021-12-22 23:40:30,58.130243375968966
632,2021-12-22 23:40:31,58.2315783919797
633,2021-12-22 23:40:32,58.14044515431711
634,2021-12-22 23:40:33,58.12519069945328
635,2021-12-22 23:40:34,58.02802761637677
636,2021-12-22 23:40:35,57.96247122806929
637,2021-12-22 23:40:36,57.98327125932552
638,2021-12-22 23:40:37,57.92928882487161
639,2021-12-22 23:40:38,57.9154254728638
640,2021-12-22 23:40:39,57.80975398860797
641,2021-12-22 23:40:40,57.80975398860797
642,2021-12-22 23:40:41,57.77149803745783
643,2021-12-22 23:40:42,57.77149803745783
644,2021-12-22 23:40:43,57.5934139160632
645,2021-12-22 23:40:44,57.54613697772074
646,2021-12-22 23:40:45,57.58106295293569
647,2021-12-22 23:40:46,57.57992184406537
648,2021-12-22 23:40:47,57.62990112492294
649,2021-12-22 23:40:48,57.62990112492294
650,2021-12-22 23:40:49,57.758251702934196
651,2021-12-22 23:40:50,57.758251702934196
652,2021-12-22 23:40:51,57.758251702934196
653,2021-12-22 23:40:52,57.72332572771925
654,2021-12-22 23:40:53,57.758251702934196
655,2021-12-22 23:40:54,57.61669083852672
656,2021-12-22 23:40:55,57.740989943041555
657,2021-12-22 23:40:56,57.62990112492294
658,2021-12-22 23:40:57,57.62990112492294
659,2021-12-22 23:40:58,57.62990112492294
660,2021-12-22 23:40:59,57.62990112492294
661,2021-12-22 23:41:00,57.62990112492294
662,2021-12-22 23:41:01,57.62990112492294
663,2021-12-22 23:41:02,57.66614045375965
664,2021-12-22 23:41:03,57.41617257245101
665,2021-12-22 23:41:04,57.210925854963165
666,2021-12-22 23:41:05,57.15650039580803
667,2021-12-22 23:41:06,57.12904594286295
668,2021-12-22 23:41:07,57.033537159274324
669,2021-12-22 23:41:08,56.97684364595095
670,2021-12-22 23:41:09,56.9303943475849
671,2021-12-22 23:41:10,56.84731812681124
672,2021-12-22 23:41:11,56.74430115904651
673,2021-12-22 23:41:12,56.922167973151794
674,2021-12-22 23:41:13,56.922167973151794
675,2021-12-22 23:41:14,57.034678268144646
676,2021-12-22 23:41:15,57.20978474609284
677,2021-12-22 23:41:16,57.23703356384736
678,2021-12-22 23:41:17,57.45414932388321
679,2021-12-22 23:41:18,57.57992184406537
680,2021-12-22 23:41:19,57.57992184406537
681,2021-12-22 23:41:20,57.36780325381248
682,2021-12-22 23:41:21,57.18026530413473
683,2021-12-22 23:41:22,57.03332642214043
684,2021-12-22 23:41:23,56.905246848432945
685,2021-12-22 23:41:24,56.90840195354935
686,2021-12-22 23:41:25,56.81009988923819
687,2021-12-22 23:41:26,56.84626815933082
688,2021-12-22 23:41:27,56.88770508502628
689,2021-12-22 23:41:28,57.007908638355055
690,2021-12-22 23:41:29,57.16885135893554
691,2021-12-22 23:41:30,57.223276818090675
692,2021-12-22 23:41:31,57.393414855290956
693,2021-12-22 23:41:32,57.60886914518898
694,2021-12-22 23:41:33,57.73185571445764
695,2021-12-22 23:41:34,57.87454691426604
696,2021-12-22 23:41:35,58.022269881246054
697,2021-12-22 23:41:36,57.80228135563213
698,2021-12-22 23:41:37,57.6853796559116
699,2021-12-22 23:41:38,57.528085546652726
700,2021-12-22 23:41:39,57.27041474640055
701,2021-12-22 23:41:40,57.28206934425382
702,2021-12-22 23:41:41,57.19553834041875
703,2021-12-22 23:41:42,57.28945096338062
704,2021-12-22 23:41:43,57.172704539983904
705,2021-12-22 23:41:44,57.10919449997851
706,2021-12-22 23:41:45,57.17457047927148
707,2021-12-22 23:41:46,57.31625175016982
708,2021-12-22 23:41:47,57.34387642253575
709,2021-12-22 23:41:48,57.66190313146583
710,2021-12-22 23:41:49,57.84189296470274
711,2021-12-22 23:41:50,58.10780728988468
712,2021-12-22 23:41:51,58.246237364076215
713,2021-12-22 23:41:52,58.246237364076215
714,2021-12-22 23:41:53,58.246237364076215
715,2021-12-22 23:41:54,58.09380953728091
716,2021-12-22 23:41:55,57.954237004130654
717,2021-12-22 23:41:56,57.929978805584284
718,2021-12-22 23:41:57,57.91598105298051
719,2021-12-22 23:41:58,57.87681893991768
720,2021-12-22 23:41:59,57.75698056660972
721,2021-12-22 23:42:00,57.54795569058607
722,2021-12-22 23:42:01,57.46038687224946
723,2021-12-22 23:42:02,57.33075829115466
724,2021-12-22 23:42:03,57.2567297684452
725,2021-12-22 23:42:04,57.229928981655995
726,2021-12-22 23:42:05,57.17550352250086
727,2021-12-22 23:42:06,57.17550352250086
728,2021-12-22 23:42:07,57.13006297427962
729,2021-12-22 23:42:08,57.006514593017734
730,2021-12-22 23:42:09,57.018395213895325
731,2021-12-22 23:42:10,57.071132955976
732,2021-12-22 23:42:11,57.06441088461962
733,2021-12-22 23:42:12,56.97586425014885
734,2021-12-22 23:42:13,56.93442732445339
735,2021-12-22 23:42:14,56.986268732410274
736,2021-12-22 23:42:15,57.00948176499256
737,2021-12-22 23:42:16,57.00948176499256
738,2021-12-22 23:42:17,57.05593106335861
739,2021-12-22 23:42:18,57.08273185014781
740,2021-12-22 23:42:19,57.12735347829646
741,2021-12-22 23:42:20,57.11158880423605
742,2021-12-22 23:42:21,57.11158880423605
743,2021-12-22 23:42:22,57.14344192538344
744,2021-12-22 23:42:23,57.18962485458423
745,2021-12-22 23:42:24,57.18962485458423
746,2021-12-22 23:42:25,57.18962485458423
747,2021-12-22 23:42:26,57.14344192538344
748,2021-12-22 23:42:27,57.18201711788721
749,2021-12-22 23:42:28,57.17390869135785
750,2021-12-22 23:42:29,57.1660109550706
751,2021-12-22 23:42:30,57.25739436857147
752,2021-12-22 23:42:31,57.17390869135785
753,2021-12-22 23:42:32,57.148973843856226
754,2021-12-22 23:42:33,57.057590430355354
755,2021-12-22 23:42:34,57.110398651352455
756,2021-12-22 23:42:35,57.13761159886129
757,2021-12-22 23:42:36,57.13761159886129
758,2021-12-22 23:42:37,57.11004714555389
759,2021-12-22 23:42:38,57.11004714555389
760,2021-12-22 23:42:39,57.2879186231727
761,2021-12-22 23:42:40,57.57280796946736
762,2021-12-22 23:42:41,57.90538736479953
763,2021-12-22 23:42:42,58.27938351538186
764,2021-12-22 23:42:43,58.47900213296697
765,2021-12-22 23:42:44,58.40888189229733
766,2021-12-22 23:42:45,58.4255569015218
767,2021-12-22 23:42:46,58.35992313649813
768,2021-12-22 23:42:47,58.06777728002041
769,2021-12-22 23:42:48,57.78167161296372
770,2021-12-22 23:42:49,57.43713848900322
771,2021-12-22 23:42:50,57.28398326849147
772,2021-12-22 23:42:51,57.229557809336335
773,2021-12-22 23:42:52,57.16183680618313
774,2021-12-22 23:42:53,57.08256209211732
775,2021-12-22 23:42:54,56.9794192804279
776,2021-12-22 23:42:55,56.99518395448831
777,2021-12-22 23:42:56,56.99518395448831
778,2021-12-22 23:42:57,57.04163325285436
779,2021-12-22 23:42:58,57.136901958681506
780,2021-12-22 23:42:59,57.16183680618313
781,2021-12-22 23:43:00,57.24532248339675
782,2021-12-22 23:43:01,57.236201088286144
783,2021-12-22 23:43:02,57.20433218059906
784,2021-12-22 23:43:03,57.188216000740084
785,2021-12-22 23:43:04,57.20433218059906
786,2021-12-22 23:43:05,57.236201088286144
787,2021-12-22 23:43:06,57.30078371499781
788,2021-12-22 23:43:07,57.405629586408736
789,2021-12-22 23:43:08,57.535258167503535
790,2021-12-22 23:43:09,57.59733853708867
791,2021-12-22 23:43:10,57.82318781292969
792,2021-12-22 23:43:11,57.84161050565312
793,2021-12-22 23:43:12,57.896157308213176
794,2021-12-22 23:43:13,57.86951173865517
795,2021-12-22 23:43:14,57.60215221779025
796,2021-12-22 23:43:15,57.49883081344881
797,2021-12-22 23:43:16,57.31356485110075
798,2021-12-22 23:43:17,56.989614762179976
799,2021-12-22 23:43:18,56.78577298961266
800,2021-12-22 23:43:19,56.78577298961266
801,2021-12-22 23:43:20,56.86397147468226
802,2021-12-22 23:43:21,56.85228235613459
803,2021-12-22 23:43:22,56.893758176642486
804,2021-12-22 23:43:23,56.87799350258207
805,2021-12-22 23:43:24,56.63300910871006
806,2021-12-22 23:43:25,56.70905816419869
807,2021-12-22 23:43:26,56.72136385567817
808,2021-12-22 23:43:27,56.72291777632062
809,2021-12-22 23:43:28,57.01049147902228
810,2021-12-22 23:43:29,57.01049147902228
811,2021-12-22 23:43:30,57.02732845823497
812,2021-12-22 23:43:31,57.22792227966145
813,2021-12-22 23:43:32,57.34894506742647
814,2021-12-22 23:43:33,57.34894506742647
815,2021-12-22 23:43:34,57.34894506742647
816,2021-12-22 23:43:35,57.34894506742647
817,2021-12-22 23:43:36,57.34894506742647
818,2021-12-22 23:43:37,57.34894506742647
819,2021-12-22 23:43:38,57.34894506742647
820,2021-12-22 23:43:39,57.31185053013446
821,2021-12-22 23:43:40,57.45368225493265
822,2021-12-22 23:43:41,57.516086882934594
823,2021-12-22 23:43:42,57.41658771764064
824,2021-12-22 23:43:43,57.41658771764064
825,2021-12-22 23:43:44,57.41658771764064
826,2021-12-22 23:43:45,57.41658771764064
827,2021-12-22 23:43:46,57.41658771764064
828,2021-12-22 23:43:47,57.34231710101429
829,2021-12-22 23:43:48,57.34231710101429
830,2021-12-22 23:43:49,57.73503707340598
831,2021-12-22 23:43:50,57.83453623869993
832,2021-12-22 23:43:51,57.83453623869993
833,2021-12-22 23:43:52,57.41658771764064
834,2021-12-22 23:43:53,57.73503707340598
835,2021-12-22 23:43:54,57.516086882934594
836,2021-12-22 23:43:55,57.516086882934594
837,2021-12-22 23:43:56,57.41658771764064
838,2021-12-22 23:43:57,57.31185053013446
839,2021-12-22 23:43:58,57.190827742369436
840,2021-12-22 23:43:59,57.02732845823497
841,2021-12-22 23:44:00,57.01049147902228
842,2021-12-22 23:44:01,56.70715310226021
843,2021-12-22 23:44:02,56.78535158732981
844,2021-12-22 23:44:03,56.78881056991074
845,2021-12-22 23:44:04,56.648773782770476
846,2021-12-22 23:44:05,56.65872025515755
847,2021-12-22 23:44:06,56.584991853203974
848,2021-12-22 23:44:07,56.644247378801765
849,2021-12-22 23:44:08,56.644247378801765
850,2021-12-22 23:44:09,56.671811832109164
851,2021-12-22 23:44:10,56.65075275311313
852,2021-12-22 23:44:11,56.644247378801765
853,2021-12-22 23:44:12,56.61757455375772
854,2021-12-22 23:44:13,56.68135648332422
855,2021-12-22 23:44:14,56.78881056991074
856,2021-12-22 23:44:15,56.73056562937274
857,2021-12-22 23:44:16,56.75607993048633
858,2021-12-22 23:44:17,56.72291777632062
859,2021-12-22 23:44:18,57.02625615308269
860,2021-12-22 23:44:19,56.72291777632062
861,2021-12-22 23:44:20,56.78494515709495
862,2021-12-22 23:44:21,56.783064930181766
863,2021-12-22 23:44:22,56.783064930181766
864,2021-12-22 23:44:23,56.71907719853013
865,2021-12-22 23:44:24,57.05951011258421
866,2021-12-22 23:44:25,57.05951011258421
867,2021-12-22 23:44:26,57.08435310641761
868,2021-12-22 23:44:27,57.048782638489506
869,2021-12-22 23:44:28,57.21867432779188
870,2021-12-22 23:44:29,57.3396971155569
871,2021-12-22 23:44:30,57.42866962900267
872,2021-12-22 23:44:31,57.3396971155569
873,2021-12-22 23:44:32,57.076347091796904
874,2021-12-22 23:44:33,57.05678865311021
875,2021-12-22 23:44:34,56.983598284662655
876,2021-12-22 23:44:35,56.636372820335765
877,2021-12-22 23:44:36,56.73950615290699
878,2021-12-22 23:44:37,56.72720046142751
879,2021-12-22 23:44:38,56.68075116306146
880,2021-12-22 23:44:39,56.68075116306146
881,2021-12-22 23:44:40,56.7109562404468
882,2021-12-22 23:44:41,56.76423184020168
883,2021-12-22 23:44:42,56.647174310880295
884,2021-12-22 23:44:43,56.67384713592434
885,2021-12-22 23:44:44,56.65278805692831
886,2021-12-22 23:44:45,56.67384713592434
887,2021-12-22 23:44:46,56.737246840506245
888,2021-12-22 23:44:47,56.7248228382591
889,2021-12-22 23:44:48,56.737128529738584
890,2021-12-22 23:44:49,56.63399519716736
891,2021-12-22 23:44:50,57.03252511288878
892,2021-12-22 23:44:51,57.03252511288878
893,2021-12-22 23:44:52,57.01619993793576
894,2021-12-22 23:44:53,57.19784151929905
895,2021-12-22 23:44:54,57.407836820509836
896,2021-12-22 23:44:55,57.407836820509836
897,2021-12-22 23:44:56,57.51109678114662
898,2021-12-22 23:44:57,57.61311330898285
899,2021-12-22 23:44:58,57.736951905056344
900,2021-12-22 23:44:59,57.61311330898285
901,2021-12-22 23:45:00,57.3163479465034
902,2021-12-22 23:45:01,57.02413269613478
903,2021-12-22 23:45:02,56.99786995921432
904,2021-12-22 23:45:03,56.970878472085296
905,2021-12-22 23:45:04,56.83050176364394
906,2021-12-22 23:45:05,56.83050176364394
907,2021-12-22 23:45:06,56.780365279395674
908,2021-12-22 23:45:07,56.94552599274123
909,2021-12-22 23:45:08,56.93322030126175
910,2021-12-22 23:45:09,56.911972639642336
911,2021-12-22 23:45:10,56.95308205721871
912,2021-12-22 23:45:11,56.95308205721871
913,2021-12-22 23:45:12,56.93007441096933
914,2021-12-22 23:45:13,56.9068712477648
915,2021-12-22 23:45:14,56.91917693924428
916,2021-12-22 23:45:15,56.84097845417468
917,2021-12-22 23:45:16,56.966508481960126
918,2021-12-22 23:45:17,56.966508481960126
919,2021-12-22 23:45:18,56.99135147579352
920,2021-12-22 23:45:19,56.98334546117282
921,2021-12-22 23:45:20,57.02413269613478
922,2021-12-22 23:45:21,57.08457941278203
923,2021-12-22 23:45:22,57.08457941278203
924,2021-12-22 23:45:23,56.96470780504861
925,2021-12-22 23:45:24,56.96470780504861
926,2021-12-22 23:45:25,56.972713819669316
927,2021-12-22 23:45:26,56.965088738873064
928,2021-12-22 23:45:27,56.963253391289044
929,2021-12-22 23:45:28,56.963253391289044
930,2021-12-22 23:45:29,56.84097845417468
931,2021-12-22 23:45:30,56.84097845417468
932,2021-12-22 23:45:31,56.91917693924428
933,2021-12-22 23:45:32,56.91917693924428
934,2021-12-22 23:45:33,56.88888931968008
935,2021-12-22 23:45:34,56.8765836282006
936,2021-12-22 23:45:35,56.8765836282006
937,2021-12-22 23:45:36,56.88888931968008
938,2021-12-22 23:45:37,56.88888931968008
939,2021-12-22 23:45:38,56.88888931968008
940,2021-12-22 23:45:39,56.88888931968008
941,2021-12-22 23:45:40,56.92551760391131
942,2021-12-22 23:45:41,56.92551760391131
943,2021-12-22 23:45:42,56.92551760391131
944,2021-12-22 23:45:43,56.92551760391131
945,2021-12-22 23:45:44,56.95308205721871
946,2021-12-22 23:45:45,56.92551760391131
947,2021-12-22 23:45:46,56.92551760391131
948,2021-12-22 23:45:47,56.92551760391131
949,2021-12-22 23:45:48,56.92551760391131
950,2021-12-22 23:45:49,56.92551760391131
951,2021-12-22 23:45:50,56.92551760391131
952,2021-12-22 23:45:51,56.92551760391131
953,2021-12-22 23:45:52,56.95308205721871
954,2021-12-22 23:45:53,56.945462598714336
955,2021-12-22 23:45:54,56.959034239248496
956,2021-12-22 23:45:55,57.005483537614545
957,2021-12-22 23:45:56,57.04535368240143
958,2021-12-22 23:45:57,57.021247900459976
959,2021-12-22 23:45:58,57.005483537614545
960,2021-12-22 23:45:59,56.88240060278332
961,2021-12-22 23:46:00,56.83595130441727
962,2021-12-22 23:46:01,56.861662450864756
963,2021-12-22 23:46:02,56.81107273461972
964,2021-12-22 23:46:03,56.757838126095756
965,2021-12-22 23:46:04,56.74603803563379
966,2021-12-22 23:46:05,56.79715288286048
967,2021-12-22 23:46:06,56.75088986493158
968,2021-12-22 23:46:07,56.655731262296385
969,2021-12-22 23:46:08,56.68889341646209
970,2021-12-22 23:46:09,56.55001103068305
971,2021-12-22 23:46:10,56.435399008854475
972,2021-12-22 23:46:11,56.435399008854475
973,2021-12-22 23:46:12,56.435399008854475
974,2021-12-22 23:46:13,56.46856116302018
975,2021-12-22 23:46:14,56.16797371329783
976,2021-12-22 23:46:15,56.34281784344538
977,2021-12-22 23:46:16,56.45557077229994
978,2021-12-22 23:46:17,56.498003158871086
979,2021-12-22 23:46:18,56.498003158871086
980,2021-12-22 23:46:19,56.4278297320782
981,2021-12-22 23:46:20,56.4278297320782
982,2021-12-22 23:46:21,56.406705787977685
983,2021-12-22 23:46:22,56.406705787977685
984,2021-12-22 23:46:23,56.406705787977685
985,2021-12-22 23:46:24,56.44820517114417
986,2021-12-22 23:46:25,56.460005261606135
987,2021-12-22 23:46:26,56.5562128006965
988,2021-12-22 23:46:27,56.63818631795135
989,2021-12-22 23:46:28,56.63818631795135
990,2021-12-22 23:46:29,56.63818631795135
991,2021-12-22 23:46:30,56.63818631795135
992,2021-12-22 23:46:31,56.5562128006965
993,2021-12-22 23:46:32,56.52777749626353
994,2021-12-22 23:46:33,56.45803999937338
995,2021-12-22 23:46:34,56.2582413700048
996,2021-12-22 23:46:35,56.2582413700048
997,2021-12-22 23:46:36,56.012759268520085
998,2021-12-22 23:46:37,55.79923050135155
999,2021-12-22 23:46:38,56.16577985945138
1000,2021-12-22 23:46:39,56.12954191561678
1001,2021-12-22 23:46:40,56.12954191561678
1002,2021-12-22 23:46:41,56.12954191561678
1003,2021-12-22 23:46:42,56.22200342617019
1004,2021-12-22 23:46:43,55.90874909002808
1005,2021-12-22 23:46:44,55.97652132468548
1006,2021-12-22 23:46:45,56.15925842426022
1007,2021-12-22 23:46:46,56.31679652764207
1008,2021-12-22 23:46:47,56.31679652764207
1009,2021-12-22 23:46:48,56.31679652764207
1010,2021-12-22 23:46:49,56.275486524432274
1011,2021-12-22 23:46:50,56.22507921583909
1012,2021-12-22 23:46:51,56.22507921583909
1013,2021-12-22 23:46:52,56.17356210840694
1014,2021-12-22 23:46:53,56.46896835785629
1015,2021-12-22 23:46:54,56.502130512022
1016,2021-12-22 23:46:55,56.3316663374911
1017,2021-12-22 23:46:56,55.97959711435438
1018,2021-12-22 23:46:57,55.97959711435438
1019,2021-12-22 23:46:58,56.22507921583909
1020,2021-12-22 23:46:59,56.012759268520085
1021,2021-12-22 23:47:00,55.97652132468548
1022,2021-12-22 23:47:01,55.97652132468548
1023,2021-12-22 23:47:02,56.012759268520085
1024,2021-12-22 23:47:03,56.012759268520085
1025,2021-12-22 23:47:04,56.012759268520085
1026,2021-12-22 23:47:05,56.30864867859798
1027,2021-12-22 23:47:06,56.34995868180778
1028,2021-12-22 23:47:07,56.174214077213215
1029,2021-12-22 23:47:08,56.174214077213215
1030,2021-12-22 23:47:09,56.174214077213215
1031,2021-12-22 23:47:10,56.051865053879645
1032,2021-12-22 23:47:11,56.051865053879645
1033,2021-12-22 23:47:12,56.091486189602826
1034,2021-12-22 23:47:13,56.03690940092665
1035,2021-12-22 23:47:14,56.03690940092665
1036,2021-12-22 23:47:15,56.091486189602826
1037,2021-12-22 23:47:16,56.518650833334284
1038,2021-12-22 23:47:17,56.584500108855075
1039,2021-12-22 23:47:18,56.73604052157897
1040,2021-12-22 23:47:19,56.72145028241255
1041,2021-12-22 23:47:20,56.81279666528644
1042,2021-12-22 23:47:21,56.806479873598455
1043,2021-12-22 23:47:22,56.81878556507794
1044,2021-12-22 23:47:23,56.71565223250671
1045,2021-12-22 23:47:24,56.74058708000834
1046,2021-12-22 23:47:25,56.85898164964237
1047,2021-12-22 23:47:26,56.78684902599001
1048,2021-12-22 23:47:27,56.675444451156714
1049,2021-12-22 23:47:28,56.77857778372794
1050,2021-12-22 23:47:29,56.745024430629044
1051,2021-12-22 23:47:30,56.745024430629044
1052,2021-12-22 23:47:31,56.783943432605305
1053,2021-12-22 23:47:32,56.72145028241255
1054,2021-12-22 23:47:33,56.82683709746515
1055,2021-12-22 23:47:34,56.73604052157897
1056,2021-12-22 23:47:35,56.61206242192401
1057,2021-12-22 23:47:36,56.62470789020507
1058,2021-12-22 23:47:37,56.55885861468428
1059,2021-12-22 23:47:38,56.55946362589216
1060,2021-12-22 23:47:39,56.45415890426714
1061,2021-12-22 23:47:40,56.45415890426714
1062,2021-12-22 23:47:41,56.52389640115729
1063,2021-12-22 23:47:42,56.45415890426714
1064,2021-12-22 23:47:43,56.45415890426714
1065,2021-12-22 23:47:44,56.005455585829495
1066,2021-12-22 23:47:45,55.95731917619126
1067,2021-12-22 23:47:46,55.91404115511195
1068,2021-12-22 23:47:47,55.67758286977161
1069,2021-12-22 23:47:48,55.91404115511195
1070,2021-12-22 23:47:49,55.91404115511195
1071,2021-12-22 23:47:50,55.91404115511195
1072,2021-12-22 23:47:51,55.771362478142535
1073,2021-12-22 23:47:52,55.85417230135191
1074,2021-12-22 23:47:53,55.904579609945095
1075,2021-12-22 23:47:54,55.91230666292585
1076,2021-12-22 23:47:55,55.982044159816
1077,2021-12-22 23:47:56,55.982044159816
1078,2021-12-22 23:47:57,55.955963454317114
1079,2021-12-22 23:47:58,55.82216896779969
1080,2021-12-22 23:47:59,55.82216896779969
1081,2021-12-22 23:48:00,55.75002979557508
1082,2021-12-22 23:48:01,55.75002979557508
1083,2021-12-22 23:48:02,55.663100286897276
1084,2021-12-22 23:48:03,55.61269297830409
1085,2021-12-22 23:48:04,55.67595683442323
1086,2021-12-22 23:48:05,55.61954203949357
1087,2021-12-22 23:48:06,55.772991851697725
1088,2021-12-22 23:48:07,55.5975880927582
1089,2021-12-22 23:48:08,55.744123806266586
1090,2021-12-22 23:48:09,55.67471757965497
1091,2021-12-22 23:48:10,55.595858355020255
1092,2021-12-22 23:48:11,55.69234906390422
1093,2021-12-22 23:48:12,55.61269297830409
1094,2021-12-22 23:48:13,55.61269297830409
1095,2021-12-22 23:48:14,55.67595683442323
1096,2021-12-22 23:48:15,55.67595683442323
1097,2021-12-22 23:48:16,55.67595683442323
1098,2021-12-22 23:48:17,55.645607367077204
1099,2021-12-22 23:48:18,55.768169644279084
1100,2021-12-22 23:48:19,55.66709112582201
1101,2021-12-22 23:48:20,55.44131309530791
1102,2021-12-22 23:48:21,55.4550432963778
1103,2021-12-22 23:48:22,55.32902913234212
1104,2021-12-22 23:48:23,55.15475104772677
1105,2021-12-22 23:48:24,54.98381806955722
1106,2021-12-22 23:48:25,54.87951562049387
1107,2021-12-22 23:48:26,54.78750680598216
1108,2021-12-22 23:48:27,54.71566173349539
1109,2021-12-22 23:48:28,54.67231176359734
1110,2021-12-22 23:48:29,54.478908733477745
1111,2021-12-22 23:48:30,54.33874220798311
1112,2021-12-22 23:48:31,54.39978389484373
1113,2021-12-22 23:48:32,54.39978389484373
1114,2021-12-22 23:48:33,54.39978389484373
1115,2021-12-22 23:48:34,54.539950420338364
1116,2021-12-22 23:48:35,54.539950420338364
1117,2021-12-22 23:48:36,54.539950420338364
1118,2021-12-22 23:48:37,54.452002737294976
1119,2021-12-22 23:48:38,54.452002737294976
1120,2021-12-22 23:48:39,54.452002737294976
1121,2021-12-22 23:48:40,54.373517902765535
1122,2021-12-22 23:48:41,54.373517902765535
1123,2021-12-22 23:48:42,54.373517902765535
1124,2021-12-22 23:48:43,54.33405361012755
1125,2021-12-22 23:48:44,54.04217235758611
1126,2021-12-22 23:48:45,53.855817982092056
1127,2021-12-22 23:48:46,53.65048620751451
1128,2021-12-22 23:48:47,53.54471900515503
1129,2021-12-22 23:48:48,53.282354876564476
1130,2021-12-22 23:48:49,52.96407280640588
1131,2021-12-22 23:48:50,52.75591141393447
1132,2021-12-22 23:48:51,52.58493699296048
1133,2021-12-22 23:48:52,52.0574929120276
1134,2021-12-22 23:48:53,51.889737368778746
1135,2021-12-22 23:48:54,51.74735746287422
1136,2021-12-22 23:48:55,51.555405578000695
1137,2021-12-22 23:48:56,51.203414337903375
1138,2021-12-22 23:48:57,51.26628847436935
1139,2021-12-22 23:48:58,51.205629896735516
1140,2021-12-22 23:48:59,51.2013651102204
1141,2021-12-22 23:49:00,51.21592214217155
1142,2021-12-22 23:49:01,51.12080058013726
1143,2021-12-22 23:49:02,50.88196989518349
1144,2021-12-22 23:49:03,50.87118229874043
1145,2021-12-22 23:49:04,50.87118229874043
1146,2021-12-22 23:49:05,50.87118229874043
1147,2021-12-22 23:49:06,51.1100129836942
1148,2021-12-22 23:49:07,51.24032863391554
1149,2021-12-22 23:49:08,51.57427615068461
1150,2021-12-22 23:49:09,51.8237662877276
1151,2021-12-22 23:49:10,51.88407052460019
1152,2021-12-22 23:49:11,51.96932027673748
1153,2021-12-22 23:49:12,52.214657778202486
1154,2021-12-22 23:49:13,52.38269879839278
1155,2021-12-22 23:49:14,52.5281469669612
1156,2021-12-22 23:49:15,52.707151486262035
1157,2021-12-22 23:49:16,52.707151486262035
1158,2021-12-22 23:49:17,52.93619533279779
1159,2021-12-22 23:49:18,53.200309010764855
1160,2021-12-22 23:49:19,53.200309010764855
1161,2021-12-22 23:49:20,53.200309010764855
1162,2021-12-22 23:49:21,53.16550742174928
1163,2021-12-22 23:49:22,53.16550742174928
1164,2021-12-22 23:49:23,53.65283714312507
1165,2021-12-22 23:49:24,53.77546207262781
1166,2021-12-22 23:49:25,53.80075399380812
1167,2021-12-22 23:49:26,54.09936199891474
1168,2021-12-22 23:49:27,54.262960127795274
1169,2021-12-22 23:49:28,54.28501887400461
1170,2021-12-22 23:49:29,54.44904266224706
1171,2021-12-22 23:49:30,54.55370040753786
1172,2021-12-22 23:49:31,54.70938513579808
1173,2021-12-22 23:49:32,54.70938513579808
1174,2021-12-22 23:49:33,54.73107832669275
1175,2021-12-22 23:49:34,54.73107832669275
1176,2021-12-22 23:49:35,54.73107832669275
1177,2021-12-22 23:49:36,54.61767977592137
1178,2021-12-22 23:49:37,54.44904266224706
1179,2021-12-22 23:49:38,54.28501887400461
1180,2021-12-22 23:49:39,54.262960127795274
1181,2021-12-22 23:49:40,54.24555458136662
1182,2021-12-22 23:49:41,54.09936199891474
1183,2021-12-22 23:49:42,53.83900468162214
1184,2021-12-22 23:49:43,53.80075399380812
1185,2021-12-22 23:49:44,53.777653139398176
1186,2021-12-22 23:49:45,53.76224445828758
1187,2021-12-22 23:49:46,53.65689478713527
1188,2021-12-22 23:49:47,53.65689478713527
1189,2021-12-22 23:49:48,53.59755730798577
1190,2021-12-22 23:49:49,53.59755730798577
1191,2021-12-22 23:49:50,53.49949408528267
1192,2021-12-22 23:49:51,53.44670615385021
1193,2021-12-22 23:49:52,53.44670615385021
1194,2021-12-22 23:49:53,53.44670615385021
1195,2021-12-22 23:49:54,53.31461549996728
1196,2021-12-22 23:49:55,53.39824887019076
1197,2021-12-22 23:49:56,53.367403431399744
1198,2021-12-22 23:49:57,53.31461549996728
1199,2021-12-22 23:49:58,53.33771635437723
1200,2021-12-22 23:49:59,53.18543676908372
1201,2021-12-22 23:50:00,53.162335914673776
1202,2021-12-22 23:50:01,53.162335914673776
1203,2021-12-22 23:50:02,53.18543676908372
1204,2021-12-22 23:50:03,53.162335914673776
1205,2021-12-22 23:50:04,53.31461549996728
1206,2021-12-22 23:50:05,53.517618824042216
1207,2021-12-22 23:50:06,53.716356877274265
1208,2021-12-22 23:50:07,53.73176555838486
1209,2021-12-22 23:50:08,53.833995614582385
1210,2021-12-22 23:50:09,54.09435293187498
1211,2021-12-22 23:50:10,54.09435293187498
1212,2021-12-22 23:50:11,54.24054551432686
1213,2021-12-22 23:50:12,54.24054551432686
1214,2021-12-22 23:50:13,54.24054551432686
1215,2021-12-22 23:50:14,54.24054551432686
1216,2021-12-22 23:50:15,54.24054551432686
1217,2021-12-22 23:50:16,54.24054551432686
1218,2021-12-22 23:50:17,54.055196938682364
1219,2021-12-22 23:50:18,54.055196938682364
1220,2021-12-22 23:50:19,54.055196938682364
1221,2021-12-22 23:50:20,54.055196938682364
1222,2021-12-22 23:50:21,54.06841455302259
1223,2021-12-22 23:50:22,53.80805723573
1224,2021-12-22 23:50:23,53.70582717953247
1225,2021-12-22 23:50:24,53.56988249979542
1226,2021-12-22 23:50:25,53.47649411771568
1227,2021-12-22 23:50:26,53.24161064131845
1228,2021-12-22 23:50:27,53.02654036894504
1229,2021-12-22 23:50:28,52.968923122745515
1230,2021-12-22 23:50:29,52.89207651724924
1231,2021-12-22 23:50:30,52.89207651724924
1232,2021-12-22 23:50:31,52.713071997948404
1233,2021-12-22 23:50:32,52.89207651724924
1234,2021-12-22 23:50:33,53.111783556829266
1235,2021-12-22 23:50:34,53.32828712345853
1236,2021-12-22 23:50:35,53.399265373542654
1237,2021-12-22 23:50:36,53.38007081093578
1238,2021-12-22 23:50:37,53.60173667299278
1239,2021-12-22 23:50:38,53.695125055072516
1240,2021-12-22 23:50:39,53.815661053698975
1241,2021-12-22 23:50:40,53.815661053698975
1242,2021-12-22 23:50:41,53.708342669412744
1243,2021-12-22 23:50:42,53.614954287333006
1244,2021-12-22 23:50:43,53.36109698873333
1245,2021-12-22 23:50:44,53.19921464533965
1246,2021-12-22 23:50:45,53.19921464533965
1247,2021-12-22 23:50:46,53.01257756372449
1248,2021-12-22 23:50:47,52.849230313744904
1249,2021-12-22 23:50:48,52.70700803247638
1250,2021-12-22 23:50:49,52.70700803247638
1251,2021-12-22 23:50:50,52.70700803247638
1252,2021-12-22 23:50:51,52.70700803247638
1253,2021-12-22 23:50:52,52.70700803247638
1254,2021-12-22 23:50:53,52.70700803247638
1255,2021-12-22 23:50:54,52.617877634229615
1256,2021-12-22 23:50:55,52.617877634229615
1257,2021-12-22 23:50:56,52.617877634229615
1258,2021-12-22 23:50:57,52.687003409065305
1259,2021-12-22 23:50:58,52.54155524049688
1260,2021-12-22 23:50:59,52.47242946566119
1261,2021-12-22 23:51:00,52.195942682124965
1262,2021-12-22 23:51:01,52.195942682124965
1263,2021-12-22 23:51:02,52.195942682124965
1264,2021-12-22 23:51:03,52.195942682124965
1265,2021-12-22 23:51:04,52.203310212154776
1266,2021-12-22 23:51:05,52.195942682124965
1267,2021-12-22 23:51:06,51.950605180659956
1268,2021-12-22 23:51:07,51.950605180659956
1269,2021-12-22 23:51:08,51.950605180659956
1270,2021-12-22 23:51:09,51.87602723822191
1271,2021-12-22 23:51:10,51.86689279928739
1272,2021-12-22 23:51:11,51.86689279928739
1273,2021-12-22 23:51:12,51.86689279928739
1274,2021-12-22 23:51:13,51.86358851961796
1275,2021-12-22 23:51:14,51.86358851961796
1276,2021-12-22 23:51:15,51.86358851961796
1277,2021-12-22 23:51:16,51.86358851961796
1278,2021-12-22 23:51:17,51.86358851961796
1279,2021-12-22 23:51:18,51.86358851961796
1280,2021-12-22 23:51:19,51.86358851961796
1281,2021-12-22 23:51:20,51.94883827175525
1282,2021-12-22 23:51:21,51.94883827175525
1283,2021-12-22 23:51:22,51.94883827175525
1284,2021-12-22 23:51:23,52.19417577322026
1285,2021-12-22 23:51:24,52.19417577322026
1286,2021-12-22 23:51:25,52.19417577322026
1287,2021-12-22 23:51:26,52.19417577322026
1288,2021-12-22 23:51:27,52.19417577322026
1289,2021-12-22 23:51:28,52.19417577322026
1290,2021-12-22 23:51:29,52.19417577322026
1291,2021-12-22 23:51:30,52.19417577322026
1292,2021-12-22 23:51:31,52.53242080156237
1293,2021-12-22 23:51:32,52.595226427881606
1294,2021-12-22 23:51:33,52.595226427881606
1295,2021-12-22 23:51:34,52.56303499133893
1296,2021-12-22 23:51:35,52.56303499133893
1297,2021-12-22 23:51:36,52.56303499133893
1298,2021-12-22 23:51:37,52.70848315990735
1299,2021-12-22 23:51:38,52.70848315990735
1300,2021-12-22 23:51:39,52.56303499133893
1301,2021-12-22 23:51:40,52.56303499133893
1302,2021-12-22 23:51:41,52.70848315990735
1303,2021-12-22 23:51:42,52.7460899623962
1304,2021-12-22 23:51:43,52.80873286657909
1305,2021-12-22 23:51:44,53.18106570010351
1306,2021-12-22 23:51:45,53.468562297300316
1307,2021-12-22 23:51:46,53.89173553396613
1308,2021-12-22 23:51:47,54.07996416702447
1309,2021-12-22 23:51:48,53.99793128878902
1310,2021-12-22 23:51:49,54.04388487756453
1311,2021-12-22 23:51:50,54.332892049298025
1312,2021-12-22 23:51:51,54.47572735796255
1313,2021-12-22 23:51:52,54.39665947466992
1314,2021-12-22 23:51:53,54.47572735796255
1315,2021-12-22 23:51:54,54.4073078593083
1316,2021-12-22 23:51:55,54.39665947466992
1317,2021-12-22 23:51:56,54.246345465400125
1318,2021-12-22 23:51:57,54.35494310629255
1319,2021-12-22 23:51:58,54.35494310629255
1320,2021-12-22 23:51:59,54.35494310629255
1321,2021-12-22 23:52:00,54.45960085158336
1322,2021-12-22 23:52:01,54.45960085158336
1323,2021-12-22 23:52:02,54.45960085158336
1324,2021-12-22 23:52:03,54.46685982213247
1325,2021-12-22 23:52:04,54.46685982213247
1326,2021-12-22 23:52:05,54.46685982213247
1327,2021-12-22 23:52:06,54.46685982213247
1328,2021-12-22 23:52:07,54.46685982213247
1329,2021-12-22 23:52:08,54.46685982213247
1330,2021-12-22 23:52:09,54.47007131122261
1331,2021-12-22 23:52:10,54.27520213572546
1332,2021-12-22 23:52:11,54.49441484733368
1333,2021-12-22 23:52:12,54.25085859961439
1334,2021-12-22 23:52:13,54.27460442595219
1335,2021-12-22 23:52:14,53.82582289213937
1336,2021-12-22 23:52:15,53.355883186154344
1337,2021-12-22 23:52:16,53.506197195424136
1338,2021-12-22 23:52:17,53.45213526575404
1339,2021-12-22 23:52:18,53.828779578468215
1340,2021-12-22 23:52:19,53.78636802670309
1341,2021-12-22 23:52:20,53.78636802670309
1342,2021-12-22 23:52:21,53.713810520677676
1343,2021-12-22 23:52:22,53.773412958009935
1344,2021-12-22 23:52:23,53.773412958009935
1345,2021-12-22 23:52:24,53.773412958009935
1346,2021-12-22 23:52:25,53.773412958009935
1347,2021-12-22 23:52:26,53.773412958009935
1348,2021-12-22 23:52:27,53.903045953898655
1349,2021-12-22 23:52:28,53.773412958009935
1350,2021-12-22 23:52:29,53.708982623798605
1351,2021-12-22 23:52:30,53.64273364236391
1352,2021-12-22 23:52:31,53.5311189708423
1353,2021-12-22 23:52:32,53.57353052260743
1354,2021-12-22 23:52:33,53.3280546608502
1355,2021-12-22 23:52:34,53.055642220376214
1356,2021-12-22 23:52:35,53.044668842664436
1357,2021-12-22 23:52:36,52.89215138603224
1358,2021-12-22 23:52:37,53.1006532178013
1359,2021-12-22 23:52:38,53.1006532178013
1360,2021-12-22 23:52:39,53.29291596206068
1361,2021-12-22 23:52:40,53.603764284498574
1362,2021-12-22 23:52:41,53.69508543760412
1363,2021-12-22 23:52:42,53.62045583748375
1364,2021-12-22 23:52:43,53.85249674650143
1365,2021-12-22 23:52:44,53.85249674650143
1366,2021-12-22 23:52:45,53.85249674650143
1367,2021-12-22 23:52:46,53.62045583748375
1368,2021-12-22 23:52:47,53.477089478962526
1369,2021-12-22 23:52:48,53.477089478962526
1370,2021-12-22 23:52:49,53.66586051869839
1371,2021-12-22 23:52:50,53.584089020219956
1372,2021-12-22 23:52:51,53.569738934807326
1373,2021-12-22 23:52:52,53.72225639143952
1374,2021-12-22 23:52:53,53.72225639143952
1375,2021-12-22 23:52:54,53.61268092031111
1376,2021-12-22 23:52:55,53.72225639143952
1377,2021-12-22 23:52:56,52.90912338166457
1378,2021-12-22 23:52:57,52.90912338166457
1379,2021-12-22 23:52:58,52.865418632330915
1380,2021-12-22 23:52:59,52.76660629202808
1381,2021-12-22 23:53:00,52.810311041361736
1382,2021-12-22 23:53:01,52.810311041361736
1383,2021-12-22 23:53:02,52.89215138603224
1384,2021-12-22 23:53:03,53.182493562471805
1385,2021-12-22 23:53:04,53.374756306731186
1386,2021-12-22 23:53:05,53.603764284498574
1387,2021-12-22 23:53:06,53.69508543760412
1388,2021-12-22 23:53:07,53.69508543760412
1389,2021-12-22 23:53:08,53.69508543760412
1390,2021-12-22 23:53:09,53.811460339797094
1391,2021-12-22 23:53:10,53.811460339797094
1392,2021-12-22 23:53:11,53.811460339797094
1393,2021-12-22 23:53:12,53.69508543760412
1394,2021-12-22 23:53:13,53.603764284498574
1395,2021-12-22 23:53:14,53.599640836958834
1396,2021-12-22 23:53:15,53.42374853684569
1397,2021-12-22 23:53:16,53.49216803549994
1398,2021-12-22 23:53:17,53.68958758848144
1399,2021-12-22 23:53:18,53.44091857082387
1400,2021-12-22 23:53:19,53.44091857082387
1401,2021-12-22 23:53:20,53.055642220376214
1402,2021-12-22 23:53:21,52.89215138603224
1403,2021-12-22 23:53:22,53.603764284498574
1404,2021-12-22 23:53:23,53.811460339797094
1405,2021-12-22 23:53:24,54.02693457607554
1406,2021-12-22 23:53:25,54.07713271733744
1407,2021-12-22 23:53:26,54.1107841156364
1408,2021-12-22 23:53:27,53.89530987935794
1409,2021-12-22 23:53:28,53.70525192886998
1410,2021-12-22 23:53:29,53.11534049076415
1411,2021-12-22 23:53:30,52.824998314324596
1412,2021-12-22 23:53:31,52.861335213146305
1413,2021-12-22 23:53:32,52.96399282441529
1414,2021-12-22 23:53:33,52.94298459882162
1415,2021-12-22 23:53:34,53.13395367733784
1416,2021-12-22 23:53:35,53.12685115815084
1417,2021-12-22 23:53:36,53.12685115815084
1418,2021-12-22 23:53:37,53.12685115815084
1419,2021-12-22 23:53:38,53.12685115815084
1420,2021-12-22 23:53:39,53.13395367733784
1421,2021-12-22 23:53:40,52.94298459882162
1422,2021-12-22 23:53:41,53.611972434060775
1423,2021-12-22 23:53:42,53.611972434060775
1424,2021-12-22 23:53:43,53.611972434060775
1425,2021-12-22 23:53:44,53.575983209879446
1426,2021-12-22 23:53:45,53.575983209879446
1427,2021-12-22 23:53:46,53.53964631105774
1428,2021-12-22 23:53:47,53.50721603658482
1429,2021-12-22 23:53:48,53.602489218668836
1430,2021-12-22 23:53:49,53.58485111385828
1431,2021-12-22 23:53:50,53.64643324255077
1432,2021-12-22 23:53:51,53.64643324255077
1433,2021-12-22 23:53:52,53.74968641581661
1434,2021-12-22 23:53:53,53.67625994081841
1435,2021-12-22 23:53:54,53.67625994081841
1436,2021-12-22 23:53:55,53.74968641581661
1437,2021-12-22 23:53:56,53.776677872144866
1438,2021-12-22 23:53:57,53.703251397146666
1439,2021-12-22 23:53:58,53.776677872144866
1440,2021-12-22 23:53:59,53.776677872144866
1441,2021-12-22 23:54:00,53.67625994081841
1442,2021-12-22 23:54:01,53.65856278987873
1443,2021-12-22 23:54:02,53.61461876599678
1444,2021-12-22 23:54:03,53.57388442367248
1445,2021-12-22 23:54:04,53.76287240031541
1446,2021-12-22 23:54:05,53.76287240031541
1447,2021-12-22 23:54:06,54.43680304860884
1448,2021-12-22 23:54:07,54.583517174610094
1449,2021-12-22 23:54:08,54.48980677519891
1450,2021-12-22 23:54:09,54.48980677519891
1451,2021-12-22 23:54:10,54.48980677519891
1452,2021-12-22 23:54:11,54.6382804023716
1453,2021-12-22 23:54:12,54.6382804023716
1454,2021-12-22 23:54:13,54.52716445653176
1455,2021-12-22 23:54:14,54.631822201822565
1456,2021-12-22 23:54:15,53.884196702910295
1457,2021-12-22 23:54:16,53.88746470568566
1458,2021-12-22 23:54:17,53.91445616201391
1459,2021-12-22 23:54:18,53.79840731433935
1460,2021-12-22 23:54:19,53.95787783860722
1461,2021-12-22 23:54:20,54.08590532097206
1462,2021-12-22 23:54:21,54.175969533863515
1463,2021-12-22 23:54:22,54.28024117010981
1464,2021-12-22 23:54:23,54.28024117010981
1465,2021-12-22 23:54:24,54.260088430158696
1466,2021-12-22 23:54:25,54.189918747624894
1467,2021-12-22 23:54:26,53.91478221653232
1468,2021-12-22 23:54:27,53.86439868909527
1469,2021-12-22 23:54:28,53.78857783234917
1470,2021-12-22 23:54:29,53.73842119903056
1471,2021-12-22 23:54:30,53.73842119903056
1472,2021-12-22 23:54:31,53.721015652601906
1473,2021-12-22 23:54:32,53.721015652601906
1474,2021-12-22 23:54:33,53.721015652601906
1475,2021-12-22 23:54:34,53.615787073707224
1476,2021-12-22 23:54:35,53.40427283081269
1477,2021-12-22 23:54:36,53.40427283081269
1478,2021-12-22 23:54:37,53.40427283081269
1479,2021-12-22 23:54:38,53.40968690024526
1480,2021-12-22 23:54:39,53.615787073707224
1481,2021-12-22 23:54:40,53.615787073707224
1482,2021-12-22 23:54:41,53.6212011431398
1483,2021-12-22 23:54:42,53.721015652601906
1484,2021-12-22 23:54:43,53.73842119903056
1485,2021-12-22 23:54:44,53.77227684229756
1486,2021-12-22 23:54:45,53.77227684229756
1487,2021-12-22 23:54:46,53.77227684229756
1488,2021-12-22 23:54:47,53.77227684229756
1489,2021-12-22 23:54:48,53.84724929723661
1490,2021-12-22 23:54:49,53.848097699043656
1491,2021-12-22 23:54:50,54.007851296051875
1492,2021-12-22 23:54:51,53.99637941600315
1493,2021-12-22 23:54:52,54.744004914915415
1494,2021-12-22 23:54:53,54.744004914915415
1495,2021-12-22 23:54:54,54.78742648500267
1496,2021-12-22 23:54:55,54.80911967589734
1497,2021-12-22 23:54:56,54.85326336047324
1498,2021-12-22 23:54:57,54.78537384955954
1499,2021-12-22 23:54:58,54.82628405840984
1500,2021-12-22 23:54:59,54.78537384955954
1501,2021-12-22 23:55:00,54.80911967589734
1502,2021-12-22 23:55:01,54.78742648500267
1503,2021-12-22 23:55:02,54.78742648500267
1504,2021-12-22 23:55:03,54.67611540400171
1505,2021-12-22 23:55:04,54.67611540400171
1506,2021-12-22 23:55:05,54.67581593656108
1507,2021-12-22 23:55:06,54.56593613669267
1508,2021-12-22 23:55:07,54.63009881561122
1509,2021-12-22 23:55:08,54.63009881561122
1510,2021-12-22 23:55:09,54.63009881561122
1511,2021-12-22 23:55:10,54.63009881561122
1512,2021-12-22 23:55:11,54.52544107032042
1513,2021-12-22 23:55:12,54.52544107032042
1514,2021-12-22 23:55:13,54.470999584829116
1515,2021-12-22 23:55:14,54.4170453547927
1516,2021-12-22 23:55:15,54.41734482223333
1517,2021-12-22 23:55:16,54.41734482223333
1518,2021-12-22 23:55:17,54.42606162062357
1519,2021-12-22 23:55:18,54.41734482223333
1520,2021-12-22 23:55:19,54.41734482223333
1521,2021-12-22 23:55:20,54.52200256752413
1522,2021-12-22 23:55:21,54.68583659742896
1523,2021-12-22 23:55:22,54.68583659742896
1524,2021-12-22 23:55:23,54.685537129988326
1525,2021-12-22 23:55:24,54.57565733011992
1526,2021-12-22 23:55:25,54.57565733011992
1527,2021-12-22 23:55:26,54.57565733011992
1528,2021-12-22 23:55:27,54.470999584829116
1529,2021-12-22 23:55:28,54.51015557802173
1530,2021-12-22 23:55:29,54.311813293069335
1531,2021-12-22 23:55:30,54.27421664518923
1532,2021-12-22 23:55:31,54.27421664518923
1533,2021-12-22 23:55:32,54.25681109876057
1534,2021-12-22 23:55:33,54.25681109876057
1535,2021-12-22 23:55:34,54.06230265335995
1536,2021-12-22 23:55:35,54.06230265335995
1537,2021-12-22 23:55:36,53.69033066454575
1538,2021-12-22 23:55:37,53.58810060834822
1539,2021-12-22 23:55:38,53.58810060834822
1540,2021-12-22 23:55:39,53.58810060834822
1541,2021-12-22 23:55:40,53.58810060834822
1542,2021-12-22 23:55:41,53.618579508250946
1543,2021-12-22 23:55:42,53.8259008674654
1544,2021-12-22 23:55:43,53.8259008674654
1545,2021-12-22 23:55:44,53.8259008674654
1546,2021-12-22 23:55:45,53.618579508250946
1547,2021-12-22 23:55:46,53.618579508250946
1548,2021-12-22 23:55:47,53.56462527821453
1549,2021-12-22 23:55:48,53.56462527821453
1550,2021-12-22 23:55:49,53.684956748126375
1551,2021-12-22 23:55:50,53.58003395932512
1552,2021-12-22 23:55:51,53.58003395932512
1553,2021-12-22 23:55:52,53.68226401552265
1554,2021-12-22 23:55:53,54.0653021015061
1555,2021-12-22 23:55:54,54.0653021015061
1556,2021-12-22 23:55:55,54.019157626558936
1557,2021-12-22 23:55:56,54.20913602165392
1558,2021-12-22 23:55:57,54.312726617543554
1559,2021-12-22 23:55:58,54.25528049660108
1560,2021-12-22 23:55:59,54.25528049660108
1561,2021-12-22 23:56:00,54.27314575457001
1562,2021-12-22 23:56:01,54.08316735947503
1563,2021-12-22 23:56:02,54.08316735947503
1564,2021-12-22 23:56:03,54.08316735947503
1565,2021-12-22 23:56:04,54.08316735947503
1566,2021-12-22 23:56:05,54.08316735947503
1567,2021-12-22 23:56:06,54.14632762963928
1568,2021-12-22 23:56:07,54.42698580502182
1569,2021-12-22 23:56:08,54.42454187838811
1570,2021-12-22 23:56:09,54.66936614917355
1571,2021-12-22 23:56:10,54.71482381688793
1572,2021-12-22 23:56:11,54.821220360172006
1573,2021-12-22 23:56:12,54.83901422506527
1574,2021-12-22 23:56:13,54.83901422506527
1575,2021-12-22 23:56:14,54.91463963536835
1576,2021-12-22 23:56:15,54.948065006685745
1577,2021-12-22 23:56:16,54.96078832856668
1578,2021-12-22 23:56:17,55.04772924157383
1579,2021-12-22 23:56:18,55.137292107954266
1580,2021-12-22 23:56:19,55.160871515144976
1581,2021-12-22 23:56:20,55.05479544747865
1582,2021-12-22 23:56:21,55.05479544747865
1583,2021-12-22 23:56:22,55.05479544747865
1584,2021-12-22 23:56:23,55.05898787535287
1585,2021-12-22 23:56:24,55.05898787535287
1586,2021-12-22 23:56:25,55.05898787535287
1587,2021-12-22 23:56:26,55.08050141395638
1588,2021-12-22 23:56:27,55.07021542609117
1589,2021-12-22 23:56:28,55.07021542609117
1590,2021-12-22 23:56:29,55.07021542609117
1591,2021-12-22 23:56:30,55.079763679852526
1592,2021-12-22 23:56:31,55.00481834045628
1593,2021-12-22 23:56:32,54.93162950877285
1594,2021-12-22 23:56:33,54.91200058576136
1595,2021-12-22 23:56:34,54.88960475366188
1596,2021-12-22 23:56:35,54.88960475366188
1597,2021-12-22 23:56:36,54.82232810151035
1598,2021-12-22 23:56:37,54.86215414121452
1599,2021-12-22 23:56:38,54.86215414121452
1600,2021-12-22 23:56:39,54.80241308823399
1601,2021-12-22 23:56:40,54.80241308823399
1602,2021-12-22 23:56:41,54.84698204723367
1603,2021-12-22 23:56:42,54.85597763359889
1604,2021-12-22 23:56:43,54.770732130209765
1605,2021-12-22 23:56:44,54.854729108701726
1606,2021-12-22 23:56:45,54.96111229861932
1607,2021-12-22 23:56:46,54.860483271758774
1608,2021-12-22 23:56:47,54.89277798697474
1609,2021-12-22 23:56:48,54.89277798697474
1610,2021-12-22 23:56:49,54.89277798697474
1611,2021-12-22 23:56:50,55.06108657776929
1612,2021-12-22 23:56:51,54.89489811049495
1613,2021-12-22 23:56:52,55.28375991485942
1614,2021-12-22 23:56:53,55.35643460225095
1615,2021-12-22 23:56:54,55.957581932331024
1616,2021-12-22 23:56:55,56.14603786871216
1617,2021-12-22 23:56:56,56.2960703898408
1618,2021-12-22 23:56:57,56.335993819205555
1619,2021-12-22 23:56:58,56.41269211594186
1620,2021-12-22 23:56:59,56.40421654920829
1621,2021-12-22 23:57:00,56.417885876791935
1622,2021-12-22 23:57:01,56.531534486398016
1623,2021-12-22 23:57:02,56.6934572318705
1624,2021-12-22 23:57:03,57.18680136943923
1625,2021-12-22 23:57:04,57.61835583630895
1626,2021-12-22 23:57:05,57.86950251184987
1627,2021-12-22 23:57:06,58.019000630480505
1628,2021-12-22 23:57:07,58.749385995611846
1629,2021-12-22 23:57:08,58.68339490710663
1630,2021-12-22 23:57:09,58.86504361829303
1631,2021-12-22 23:57:10,58.92238042394616
1632,2021-12-22 23:57:11,59.07303384073746
1633,2021-12-22 23:57:12,59.57801627061653
1634,2021-12-22 23:57:13,59.6499478978417
1635,2021-12-22 23:57:14,59.66475381611189
1636,2021-12-22 23:57:15,59.700321802118076
1637,2021-12-22 23:57:16,59.91806481691051
1638,2021-12-22 23:57:17,60.02870162188481
1639,2021-12-22 23:57:18,60.209924728018684
1640,2021-12-22 23:57:19,60.25755791908736
1641,2021-12-22 23:57:20,60.066990081298556
1642,2021-12-22 23:57:21,60.18791807542219
1643,2021-12-22 23:57:22,60.28262029536797
1644,2021-12-22 23:57:23,60.28262029536797
1645,2021-12-22 23:57:24,60.18791807542219
1646,2021-12-22 23:57:25,60.066990081298556
1647,2021-12-22 23:57:26,59.86443605358575
1648,2021-12-22 23:57:27,59.72908104832479
1649,2021-12-22 23:57:28,59.665898822034414
1650,2021-12-22 23:57:29,59.665898822034414
1651,2021-12-22 23:57:30,59.45263238044321
1652,2021-12-22 23:57:31,59.459380060052894
1653,2021-12-22 23:57:32,59.57290485305283
1654,2021-12-22 23:57:33,59.5629490482091
1655,2021-12-22 23:57:34,59.39575796282197
1656,2021-12-22 23:57:35,59.39575796282197
1657,2021-12-22 23:57:36,59.31792797388897
1658,2021-12-22 23:57:37,59.27275626767857
1659,2021-12-22 23:57:38,59.27275626767857
1660,2021-12-22 23:57:39,59.23237578160719
1661,2021-12-22 23:57:40,59.156637384545
1662,2021-12-22 23:57:41,59.156637384545
1663,2021-12-22 23:57:42,59.156637384545
1664,2021-12-22 23:57:43,59.156637384545
1665,2021-12-22 23:57:44,58.91119162579478
1666,2021-12-22 23:57:45,58.98286273716927
1667,2021-12-22 23:57:46,58.98286273716927
1668,2021-12-22 23:57:47,58.98286273716927
1669,2021-12-22 23:57:48,59.19104312655499
1670,2021-12-22 23:57:49,59.316564296939426
1671,2021-12-22 23:57:50,59.32832225793527
1672,2021-12-22 23:57:51,59.43267987759002
1673,2021-12-22 23:57:52,59.543330158996476
1674,2021-12-22 23:57:53,59.59855830176823
1675,2021-12-22 23:57:54,59.80116950860278
1676,2021-12-22 23:57:55,59.877536580744795
1677,2021-12-22 23:57:56,59.85854336813012
1678,2021-12-22 23:57:57,59.98335706597799
1679,2021-12-22 23:57:58,60.1633074072941
1680,2021-12-22 23:57:59,60.44574261142076
1681,2021-12-22 23:58:00,60.74424847515583
1682,2021-12-22 23:58:01,60.806961273511995
1683,2021-12-22 23:58:02,60.864786445818154
1684,2021-12-22 23:58:03,60.83461316976143
1685,2021-12-22 23:58:04,60.854603152744346
1686,2021-12-22 23:58:05,60.76979035850785
1687,2021-12-22 23:58:06,60.80499276571458
1688,2021-12-22 23:58:07,60.86756398468535
1689,2021-12-22 23:58:08,60.88899675464194
1690,2021-12-22 23:58:09,61.205790318487075
1691,2021-12-22 23:58:10,61.24489443263797
1692,2021-12-22 23:58:11,61.23499080662015
1693,2021-12-22 23:58:12,61.2352250915498
1694,2021-12-22 23:58:13,61.312676623005395
1695,2021-12-22 23:58:14,61.346183471506635
1696,2021-12-22 23:58:15,61.346183471506635
1697,2021-12-22 23:58:16,61.45284105777554
1698,2021-12-22 23:58:17,61.525262939330766
1699,2021-12-22 23:58:18,61.611634304486266
1700,2021-12-22 23:58:19,61.890186758072595
1701,2021-12-22 23:58:20,62.10744545921023
1702,2021-12-22 23:58:21,62.16950805872157
1703,2021-12-22 23:58:22,62.46605827666903
1704,2021-12-22 23:58:23,62.6066744931145
1705,2021-12-22 23:58:24,62.76206451659927
1706,2021-12-22 23:58:25,62.8882579899297
1707,2021-12-22 23:58:26,62.96267074187439
1708,2021-12-22 23:58:27,63.15215040722797
1709,2021-12-22 23:58:28,63.38979411533188
1710,2021-12-22 23:58:29,63.47218460711576
1711,2021-12-22 23:58:30,63.58809184068292
1712,2021-12-22 23:58:31,63.760623806753756
1713,2021-12-22 23:58:32,63.81432075281259
1714,2021-12-22 23:58:33,63.59300788299004
1715,2021-12-22 23:58:34,63.823095087200414
1716,2021-12-22 23:58:35,64.51181180210553
1717,2021-12-22 23:58:36,64.70694339567662
1718,2021-12-22 23:58:37,64.96057243105075
1719,2021-12-22 23:58:38,65.29024155394076
1720,2021-12-22 23:58:39,65.4680027217373
1721,2021-12-22 23:58:40,65.32244825578199
1722,2021-12-22 23:58:41,65.24556996935749
1723,2021-12-22 23:58:42,65.32466689995046
1724,2021-12-22 23:58:43,65.2248064761734
1725,2021-12-22 23:58:44,65.63763453464783
1726,2021-12-22 23:58:45,66.87255489606892
1727,2021-12-22 23:58:46,66.91907677681853
1728,2021-12-22 23:58:47,67.4298202669708
1729,2021-12-22 23:58:48,67.4298202669708
1730,2021-12-22 23:58:49,68.34388505331731
1731,2021-12-22 23:58:50,68.67418565946684
1732,2021-12-22 23:58:51,68.54135866408959
1733,2021-12-22 23:58:52,69.11333285659593
1734,2021-12-22 23:58:53,69.77053763642776
1735,2021-12-22 23:58:54,69.73017966552118
1736,2021-12-22 23:58:55,70.07294709759499
1737,2021-12-22 23:58:56,70.07294709759499
1738,2021-12-22 23:58:57,70.07294709759499
1739,2021-12-22 23:58:58,70.07294709759499
1740,2021-12-22 23:58:59,70.07294709759499
1741,2021-12-22 23:59:00,70.07294709759499
1742,2021-12-22 23:59:01,70.07294709759499
1743,2021-12-22 23:59:02,70.07294709759499
1744,2021-12-22 23:59:03,70.07294709759499
1745,2021-12-22 23:59:04,70.07294709759499
1746,2021-12-22 23:59:05,70.13020148070954
1747,2021-12-22 23:59:06,70.13020148070954
1748,2021-12-22 23:59:07,70.13020148070954
1749,2021-12-22 23:59:08,70.13020148070954
1750,2021-12-22 23:59:09,70.13020148070954
1751,2021-12-22 23:59:10,70.05766714760473
1752,2021-12-22 23:59:11,70.05766714760473
1753,2021-12-22 23:59:12,69.98683147726561
1754,2021-12-22 23:59:13,69.98683147726561
1755,2021-12-22 23:59:14,68.93617463892372
1756,2021-12-22 23:59:15,68.93617463892372
1757,2021-12-22 23:59:16,68.93617463892372
1758,2021-12-22 23:59:17,68.93617463892372
1759,2021-12-22 23:59:18,69.03050070861481
1760,2021-12-22 23:59:19,69.00870897202853
1761,2021-12-22 23:59:20,69.00870897202853
1762,2021-12-22 23:59:21,69.00870897202853
1763,2021-12-22 23:59:22,69.00870897202853
1764,2021-12-22 23:59:23,69.00870897202853
1765,2021-12-22 23:59:24,69.30152236386735
1766,2021-12-22 23:59:25,69.30152236386735
1767,2021-12-22 23:59:26,69.30152236386735
1768,2021-12-22 23:59:27,69.30152236386735
1769,2021-12-22 23:59:28,69.30152236386735
1770,2021-12-22 23:59:29,69.30152236386735
1771,2021-12-22 23:59:30,69.30152236386735
1772,2021-12-22 23:59:31,69.36378991459715
1773,2021-12-22 23:59:32,69.36378991459715
1774,2021-12-22 23:59:33,69.45811598428824
1775,2021-12-22 23:59:34,69.45811598428824
1776,2021-12-22 23:59:35,69.43632424770196
1777,2021-12-22 23:59:36,69.45811598428824
1778,2021-12-22 23:59:37,69.45811598428824
1779,2021-12-22 23:59:38,69.45811598428824
1780,2021-12-22 23:59:39,69.45811598428824
1781,2021-12-22 23:59:40,69.45811598428824
1782,2021-12-22 23:59:41,69.45811598428824
1783,2021-12-22 23:59:42,69.45811598428824
1784,2021-12-22 23:59:43,69.36378991459715
1785,2021-12-22 23:59:44,69.41809636397915
1786,2021-12-22 23:59:45,69.38344623326037
1787,2021-12-22 23:59:46,69.38344623326037
1788,2021-12-22 23:59:47,69.38344623326037
1789,2021-12-22 23:59:48,69.41809636397915
1790,2021-12-22 23:59:49,69.41809636397915
1791,2021-12-22 23:59:50,69.38344623326037
1792,2021-12-22 23:59:51,69.41809636397915
1793,2021-12-22 23:59:52,69.41809636397915
1794,2021-12-22 23:59:53,69.38344623326037
1795,2021-12-22 23:59:54,69.41809636397915
1796,2021-12-22 23:59:55,69.47673069904108
1797,2021-12-22 23:59:56,69.47673069904108
1798,2021-12-22 23:59:57,69.47673069904108
1799,2021-12-22 23:59:58,69.38344623326037
1800,2021-12-22 23:59:59,69.38344623326037
